-- phpMyAdmin SQL Dump
-- version 5.2.1
-- https://www.phpmyadmin.net/
--
-- Servidor: 127.0.0.1
-- Tiempo de generación: 03-08-2024 a las 03:19:11
-- Versión del servidor: 10.4.32-MariaDB
-- Versión de PHP: 8.2.12

SET SQL_MODE = "NO_AUTO_VALUE_ON_ZERO";
START TRANSACTION;
SET time_zone = "+00:00";


/*!40101 SET @OLD_CHARACTER_SET_CLIENT=@@CHARACTER_SET_CLIENT */;
/*!40101 SET @OLD_CHARACTER_SET_RESULTS=@@CHARACTER_SET_RESULTS */;
/*!40101 SET @OLD_COLLATION_CONNECTION=@@COLLATION_CONNECTION */;
/*!40101 SET NAMES utf8mb4 */;

--
-- Base de datos: `db_clinica`
--

-- --------------------------------------------------------

--
-- Estructura de tabla para la tabla `permissions`
--

CREATE TABLE `permissions` (
  `id` int(11) NOT NULL,
  `name` varchar(100) NOT NULL
) ENGINE=InnoDB DEFAULT CHARSET=utf8mb4 COLLATE=utf8mb4_general_ci;

--
-- Volcado de datos para la tabla `permissions`
--

INSERT INTO `permissions` (`id`, `name`) VALUES
(1, 'create_post'),
(2, 'edit_post'),
(3, 'delete_post'),
(4, 'view_post');

-- --------------------------------------------------------

--
-- Estructura de tabla para la tabla `roles`
--

CREATE TABLE `roles` (
  `id` int(11) NOT NULL,
  `name` varchar(100) NOT NULL
) ENGINE=InnoDB DEFAULT CHARSET=utf8mb4 COLLATE=utf8mb4_general_ci;

--
-- Volcado de datos para la tabla `roles`
--

INSERT INTO `roles` (`id`, `name`) VALUES
(1, 'Admin'),
(2, 'Editor'),
(3, 'Viewer'),
(4, 'Admin'),
(5, 'Editor'),
(6, 'Viewer');

-- --------------------------------------------------------

--
-- Estructura de tabla para la tabla `role_permissions`
--

CREATE TABLE `role_permissions` (
  `role_id` int(11) NOT NULL,
  `permission_id` int(11) NOT NULL
) ENGINE=InnoDB DEFAULT CHARSET=utf8mb4 COLLATE=utf8mb4_general_ci;

--
-- Volcado de datos para la tabla `role_permissions`
--

INSERT INTO `role_permissions` (`role_id`, `permission_id`) VALUES
(1, 1),
(1, 2),
(1, 3),
(1, 4),
(2, 1),
(2, 2),
(2, 4),
(3, 4);

-- --------------------------------------------------------

--
-- Estructura de tabla para la tabla `users`
--

CREATE TABLE `users` (
  `id` int(11) NOT NULL,
  `username` varchar(100) NOT NULL,
  `email` varchar(100) NOT NULL,
  `password` varchar(255) NOT NULL,
  `created_at` timestamp NOT NULL DEFAULT current_timestamp()
) ENGINE=InnoDB DEFAULT CHARSET=utf8mb4 COLLATE=utf8mb4_general_ci;

--
-- Volcado de datos para la tabla `users`
--

INSERT INTO `users` (`id`, `username`, `email`, `password`, `created_at`) VALUES
(1, 'apelletier@gmail.com', 'apelletier.cgp@gmail.com', '$2y$10$y2I0/UatBjggQAvv/IexZeUoKv2nFhJUbCE8cN0RyYtcykmo0RURa', '2024-07-25 12:35:57'),
(2, 'Juan.Castro', 'juancastro@gmail.com', 'caso12', '2024-08-02 16:47:07'),
(3, 'valeria.gomez', 'avaleria@gmail.com', 'caso12', '2024-08-02 16:48:16');

-- --------------------------------------------------------

--
-- Estructura de tabla para la tabla `user_roles`
--

CREATE TABLE `user_roles` (
  `user_id` int(11) NOT NULL,
  `role_id` int(11) NOT NULL
) ENGINE=InnoDB DEFAULT CHARSET=utf8mb4 COLLATE=utf8mb4_general_ci;

--
-- Volcado de datos para la tabla `user_roles`
--

INSERT INTO `user_roles` (`user_id`, `role_id`) VALUES
(1, 1),
(2, 2),
(3, 3);

--
-- Índices para tablas volcadas
--

--
-- Indices de la tabla `permissions`
--
ALTER TABLE `permissions`
  ADD PRIMARY KEY (`id`);

--
-- Indices de la tabla `roles`
--
ALTER TABLE `roles`
  ADD PRIMARY KEY (`id`);

--
-- Indices de la tabla `role_permissions`
--
ALTER TABLE `role_permissions`
  ADD PRIMARY KEY (`role_id`,`permission_id`),
  ADD KEY `permission_id` (`permission_id`);

--
-- Indices de la tabla `users`
--
ALTER TABLE `users`
  ADD PRIMARY KEY (`id`);

--
-- Indices de la tabla `user_roles`
--
ALTER TABLE `user_roles`
  ADD PRIMARY KEY (`user_id`,`role_id`),
  ADD KEY `role_id` (`role_id`);

--
-- AUTO_INCREMENT de las tablas volcadas
--

--
-- AUTO_INCREMENT de la tabla `permissions`
--
ALTER TABLE `permissions`
  MODIFY `id` int(11) NOT NULL AUTO_INCREMENT, AUTO_INCREMENT=5;

--
-- AUTO_INCREMENT de la tabla `roles`
--
ALTER TABLE `roles`
  MODIFY `id` int(11) NOT NULL AUTO_INCREMENT, AUTO_INCREMENT=7;

--
-- AUTO_INCREMENT de la tabla `users`
--
ALTER TABLE `users`
  MODIFY `id` int(11) NOT NULL AUTO_INCREMENT, AUTO_INCREMENT=4;

--
-- Restricciones para tablas volcadas
--

--
-- Filtros para la tabla `role_permissions`
--
ALTER TABLE `role_permissions`
  ADD CONSTRAINT `role_permissions_ibfk_1` FOREIGN KEY (`role_id`) REFERENCES `roles` (`id`) ON DELETE CASCADE,
  ADD CONSTRAINT `role_permissions_ibfk_2` FOREIGN KEY (`permission_id`) REFERENCES `permissions` (`id`) ON DELETE CASCADE;

--
-- Filtros para la tabla `user_roles`
--
ALTER TABLE `user_roles`
  ADD CONSTRAINT `user_roles_ibfk_1` FOREIGN KEY (`user_id`) REFERENCES `users` (`id`) ON DELETE CASCADE,
  ADD CONSTRAINT `user_roles_ibfk_2` FOREIGN KEY (`role_id`) REFERENCES `roles` (`id`) ON DELETE CASCADE;
COMMIT;

/*!40101 SET CHARACTER_SET_CLIENT=@OLD_CHARACTER_SET_CLIENT */;
/*!40101 SET CHARACTER_SET_RESULTS=@OLD_CHARACTER_SET_RESULTS */;
/*!40101 SET COLLATION_CONNECTION=@OLD_COLLATION_CONNECTION */;
